query_niche_id,source_slice,niche_name,center_cell,k_hop,cells,parcellations_in_niche,parcellation_composition,parcellation_names
"Zhuang-ABCA-1.096_query_niche_207_123","Zhuang-ABCA-1.096","query_niche_207_123","115873764268629722312182509357101936308","10","100","207;123","46;54","Area postrema;Koelliker-Fuse subnucleus"
"Zhuang-ABCA-1.097_query_niche_207_123","Zhuang-ABCA-1.097","query_niche_207_123","284896277831894781863454227616495127602","10","100","207;123","57;43","Area postrema;Koelliker-Fuse subnucleus"
"Zhuang-ABCA-1.098_query_niche_207_123","Zhuang-ABCA-1.098","query_niche_207_123","337502760026487302083958961400454036056","10","100","207;123","40;60","Area postrema;Koelliker-Fuse subnucleus"
"Zhuang-ABCA-1.099_query_niche_207_123","Zhuang-ABCA-1.099","query_niche_207_123","107866618339577374843073403153303495275","10","100","207;123","54;46","Area postrema;Koelliker-Fuse subnucleus"
"C57BL6J-638850.28_query_niche_9_15","C57BL6J-638850.28","query_niche_9_15","1019171910101350095","10","100","9;15","50;50","Primary somatosensory area, trunk, layer 6a;Parataenial nucleus"
"C57BL6J-638850.29_query_niche_9_15","C57BL6J-638850.29","query_niche_9_15","1019171907101890717","10","100","9;15","50;50","Primary somatosensory area, trunk, layer 6a;Parataenial nucleus"
"C57BL6J-638850.30_query_niche_9_15","C57BL6J-638850.30","query_niche_9_15","1018093344102050071-4","10","100","9;15","56;44","Primary somatosensory area, trunk, layer 6a;Parataenial nucleus"
"C57BL6J-638850.31_query_niche_9_15","C57BL6J-638850.31","query_niche_9_15","1018093345101970356","10","100","9;15","57;43","Primary somatosensory area, trunk, layer 6a;Parataenial nucleus"
"Zhuang-ABCA-3.001_query_niche_9_841","Zhuang-ABCA-3.001","query_niche_9_841","129161891950303790744192341117670362208","10","100","9;841","56;44","Primary somatosensory area, trunk, layer 6a;trapezoid body"
"Zhuang-ABCA-3.002_query_niche_9_841","Zhuang-ABCA-3.002","query_niche_9_841","260756969686819061777701656013719646037","10","100","9;841","53;47","Primary somatosensory area, trunk, layer 6a;trapezoid body"
"Zhuang-ABCA-3.004_query_niche_9_841","Zhuang-ABCA-3.004","query_niche_9_841","213747375740548741486299276215376870583","10","100","9;841","54;46","Primary somatosensory area, trunk, layer 6a;trapezoid body"
"Zhuang-ABCA-3.005_query_niche_9_841","Zhuang-ABCA-3.005","query_niche_9_841","248681836283597931274032933772419146765","10","100","9;841","58;42","Primary somatosensory area, trunk, layer 6a;trapezoid body"
"Zhuang-ABCA-3.001_query_niche_207_123","Zhuang-ABCA-3.001","query_niche_207_123","71694519484771512601759363294254249838","10","100","207;123","48;52","Area postrema;Koelliker-Fuse subnucleus"
"Zhuang-ABCA-3.002_query_niche_207_123","Zhuang-ABCA-3.002","query_niche_207_123","332980021249597560297443905956648738916","10","100","207;123","47;53","Area postrema;Koelliker-Fuse subnucleus"
"Zhuang-ABCA-3.004_query_niche_207_123","Zhuang-ABCA-3.004","query_niche_207_123","331034796614687672463767692385444290234","10","100","207;123","59;41","Area postrema;Koelliker-Fuse subnucleus"
"Zhuang-ABCA-3.005_query_niche_207_123","Zhuang-ABCA-3.005","query_niche_207_123","86830398342429593222188220988067300250","10","100","207;123","47;53","Area postrema;Koelliker-Fuse subnucleus"
"C57BL6J-638850.31_query_niche_207_123","C57BL6J-638850.31","query_niche_207_123","1018093345101200561","10","100","207;123","57;43","Area postrema;Koelliker-Fuse subnucleus"
"C57BL6J-638850.28_query_niche_9_841","C57BL6J-638850.28","query_niche_9_841","1019171910101780295","10","100","9;841","42;58","Primary somatosensory area, trunk, layer 6a;trapezoid body"
"C57BL6J-638850.28_query_niche_15_785","C57BL6J-638850.28","query_niche_15_785","1019171910101490633","10","100","15;785","57;43","Parataenial nucleus;Ventromedial hypothalamic nucleus, ventrolateral part"
"C57BL6J-638850.29_query_niche_9_841","C57BL6J-638850.29","query_niche_9_841","1019171907101770942","10","100","9;841","49;51","Primary somatosensory area, trunk, layer 6a;trapezoid body"
"C57BL6J-638850.29_query_niche_15_785","C57BL6J-638850.29","query_niche_15_785","1019171907101750065","10","100","15;785","44;56","Parataenial nucleus;Ventromedial hypothalamic nucleus, ventrolateral part"
"C57BL6J-638850.30_query_niche_9_841","C57BL6J-638850.30","query_niche_9_841","1018093344101600083-5","10","100","9;841","48;52","Primary somatosensory area, trunk, layer 6a;trapezoid body"
"C57BL6J-638850.30_query_niche_15_785","C57BL6J-638850.30","query_niche_15_785","1018093344101740393-4","10","100","15;785","42;58","Parataenial nucleus;Ventromedial hypothalamic nucleus, ventrolateral part"
"C57BL6J-638850.31_query_niche_9_841","C57BL6J-638850.31","query_niche_9_841","1018093345101470331","10","100","9;841","44;56","Primary somatosensory area, trunk, layer 6a;trapezoid body"
"C57BL6J-638850.31_query_niche_15_785","C57BL6J-638850.31","query_niche_15_785","1018093345101820406","10","100","15;785","54;46","Parataenial nucleus;Ventromedial hypothalamic nucleus, ventrolateral part"
"Zhuang-ABCA-3.001_query_niche_9_15","Zhuang-ABCA-3.001","query_niche_9_15","330009557710455467430590749806470597406","10","100","9;15","55;45","Primary somatosensory area, trunk, layer 6a;Parataenial nucleus"
"Zhuang-ABCA-3.001_query_niche_15_785","Zhuang-ABCA-3.001","query_niche_15_785","40542707823758828197873229126387300219","10","100","15;785","57;43","Parataenial nucleus;Ventromedial hypothalamic nucleus, ventrolateral part"
"Zhuang-ABCA-3.002_query_niche_9_15","Zhuang-ABCA-3.002","query_niche_9_15","170715652725825516605964933975721851941","10","100","9;15","59;41","Primary somatosensory area, trunk, layer 6a;Parataenial nucleus"
"Zhuang-ABCA-3.002_query_niche_15_785","Zhuang-ABCA-3.002","query_niche_15_785","321553463264008828517722965783841051051","10","100","15;785","55;45","Parataenial nucleus;Ventromedial hypothalamic nucleus, ventrolateral part"
"Zhuang-ABCA-3.004_query_niche_9_15","Zhuang-ABCA-3.004","query_niche_9_15","133390297703739907750126365040616661015","10","100","9;15","41;59","Primary somatosensory area, trunk, layer 6a;Parataenial nucleus"
"Zhuang-ABCA-3.004_query_niche_15_785","Zhuang-ABCA-3.004","query_niche_15_785","90437741252668153712762276055573489625","10","100","15;785","43;57","Parataenial nucleus;Ventromedial hypothalamic nucleus, ventrolateral part"
"Zhuang-ABCA-3.005_query_niche_9_15","Zhuang-ABCA-3.005","query_niche_9_15","296258197712787155820565355335123648970","10","100","9;15","47;53","Primary somatosensory area, trunk, layer 6a;Parataenial nucleus"
"Zhuang-ABCA-1.096_query_niche_9_15","Zhuang-ABCA-1.096","query_niche_9_15","141882954587631319016158926360491443763","10","100","9;15","59;41","Primary somatosensory area, trunk, layer 6a;Parataenial nucleus"
"Zhuang-ABCA-1.096_query_niche_15_785","Zhuang-ABCA-1.096","query_niche_15_785","106850482051567951664398502462376803379","10","100","15;785","41;59","Parataenial nucleus;Ventromedial hypothalamic nucleus, ventrolateral part"
"Zhuang-ABCA-1.096_query_niche_9_841","Zhuang-ABCA-1.096","query_niche_9_841","318078662208965018700003888998714024701","10","100","9;841","53;47","Primary somatosensory area, trunk, layer 6a;trapezoid body"
"Zhuang-ABCA-1.097_query_niche_9_15","Zhuang-ABCA-1.097","query_niche_9_15","187176816205476201907158879490928420014","10","100","9;15","55;45","Primary somatosensory area, trunk, layer 6a;Parataenial nucleus"
"Zhuang-ABCA-1.097_query_niche_9_841","Zhuang-ABCA-1.097","query_niche_9_841","128844379575519809334801615522000896725","10","100","9;841","54;46","Primary somatosensory area, trunk, layer 6a;trapezoid body"
"Zhuang-ABCA-1.097_query_niche_15_785","Zhuang-ABCA-1.097","query_niche_15_785","191365511123218672196852763356899566690","10","100","15;785","48;52","Parataenial nucleus;Ventromedial hypothalamic nucleus, ventrolateral part"
"Zhuang-ABCA-1.098_query_niche_9_15","Zhuang-ABCA-1.098","query_niche_9_15","248874126197335237153495377230653179351","10","100","9;15","40;60","Primary somatosensory area, trunk, layer 6a;Parataenial nucleus"
"Zhuang-ABCA-1.098_query_niche_9_841","Zhuang-ABCA-1.098","query_niche_9_841","174908569322155454728492221963063498843","10","100","9;841","51;49","Primary somatosensory area, trunk, layer 6a;trapezoid body"
"Zhuang-ABCA-1.098_query_niche_15_785","Zhuang-ABCA-1.098","query_niche_15_785","11866919812839586496325836620308175489","10","100","15;785","46;54","Parataenial nucleus;Ventromedial hypothalamic nucleus, ventrolateral part"
"Zhuang-ABCA-1.099_query_niche_9_15","Zhuang-ABCA-1.099","query_niche_9_15","190981615443374461845656279568196095680","10","100","9;15","57;43","Primary somatosensory area, trunk, layer 6a;Parataenial nucleus"
"Zhuang-ABCA-1.099_query_niche_9_841","Zhuang-ABCA-1.099","query_niche_9_841","112295489902014032253572300455460479139","10","100","9;841","49;51","Primary somatosensory area, trunk, layer 6a;trapezoid body"
"Zhuang-ABCA-1.099_query_niche_15_785","Zhuang-ABCA-1.099","query_niche_15_785","1887233951937186637060332654528672791","10","100","15;785","54;46","Parataenial nucleus;Ventromedial hypothalamic nucleus, ventrolateral part"
